Model,GNav17,GNav18,GNav19,GKdr,GKA,GKM,GH,GKleak
111,0.06761,1.66319,1.85173,3.444879,13.449961,3.166622,1.935506,0.177864
152,0.093867,1.914979,1.143702,3.757548,1.433731,2.842375,0.530007,0.175101
379,0.134247,1.060926,2.074142,2.654127,3.037537,2.851567,1.333806,0.028538
380,0.198036,0.8146,1.619752,1.366257,7.657379,3.922353,1.685269,0.161021
405,0.378188,0.58279,0.790357,1.248439,2.180009,1.409434,1.76603,0.098938
477,0.098128,0.955044,3.121924,1.820469,11.050632,3.895415,1.987734,0.065635
519,0.310983,1.361874,3.853014,2.297307,5.202354,3.238226,1.884847,0.103654
537,0.142507,1.528759,1.249825,2.999664,2.701544,3.301234,0.282977,0.151567
617,0.274811,1.327152,2.936299,3.203651,13.296801,1.563514,1.544007,0.093935
653,0.184509,1.016386,1.590697,3.076749,1.051418,1.561576,0.971583,0.125368
656,0.269827,1.013561,0.754972,2.179079,2.765084,3.278753,0.843085,0.139232
702,0.337245,1.167562,3.590794,2.801051,7.970042,3.264131,1.562485,0.088922
758,0.230319,0.873291,2.704437,2.904677,2.956765,0.893691,0.133212,0.017475
783,0.135733,1.152994,0.046454,2.671305,17.720498,1.022784,1.950005,0.029633
806,0.263993,1.033242,3.496191,3.141481,8.405223,2.139625,0.798929,0.149142
893,0.264654,1.656089,3.565138,3.165556,5.168103,3.739076,1.067206,0.041901
930,0.012761,1.586455,1.865929,3.913938,4.255466,2.493704,0.701852,0.139457
1089,0.329243,0.727149,0.694043,1.33995,4.826048,0.135845,1.226359,0.17673
1134,0.342974,1.319945,0.204126,2.943431,2.85225,2.500803,0.347007,0.043028
1198,0.09504,1.515231,3.823804,2.962955,2.565221,3.380782,0.770462,0.164238
1281,0.153595,1.634705,3.544358,3.104072,7.019484,3.203288,0.552391,0.056002
1282,0.271497,1.308862,2.28975,3.375157,4.720772,0.739028,1.763448,0.139788
1287,0.089639,1.556058,0.55949,3.603344,11.154935,1.665256,1.83231,0.196457
1322,0.2409,1.238593,2.875015,3.068022,12.654201,3.604915,1.589937,0.187059
1346,0.130375,1.391472,0.16354,2.594331,12.871732,2.520516,1.397586,0.037358
1440,0.331724,1.428864,0.797778,2.991025,13.516242,2.228053,1.863785,0.157745
1575,0.007663,0.781821,3.892108,1.799229,1.071628,2.574152,0.111583,0.018423
1628,0.06774,1.539209,3.952636,2.951584,12.807318,2.963896,1.699681,0.096288
1630,0.001414,1.405731,0.081105,3.447814,16.674773,0.328888,1.667555,0.002889
1654,0.230901,1.343621,0.025393,3.787855,5.802457,3.768157,1.192455,0.079616
1763,0.253191,1.136761,1.51194,2.611695,14.166194,3.259202,1.345122,0.005922
1891,0.277737,0.912193,3.965976,1.875494,5.45304,3.406187,1.786585,0.092073
1917,0.137188,2.071737,2.381406,3.815496,3.415283,3.10052,0.792016,0.139485
1993,0.293739,1.258491,2.745932,3.914224,11.997247,0.027454,0.846806,0.127809
2043,0.186705,1.653221,0.957023,3.901171,15.182537,0.805343,1.771511,0.118786
2048,0.38563,1.130479,0.061055,2.081001,4.802616,3.69547,0.95668,0.028176
2051,0.033533,0.925205,1.937368,1.564138,13.539605,1.543798,1.900406,0.145866
2067,0.28459,1.440912,2.307822,3.917302,2.652499,1.871988,1.073296,0.173409
2080,0.162884,0.9162,0.353175,2.318211,8.236348,2.836191,1.838577,0.16987
2107,0.069933,0.476047,1.692349,0.698476,8.348665,3.595288,1.412477,0.014688
2128,0.123938,0.812825,2.237498,1.756703,8.682872,1.40046,0.989612,0.135529
2248,0.398456,1.425505,1.072246,3.202309,10.009407,2.549256,1.852129,0.103343
2256,0.265266,0.966427,2.193493,1.535839,4.125606,3.338103,1.530232,0.132492
2390,0.276376,0.63575,2.57433,1.284558,3.741829,3.815544,1.970051,0.166586
2469,0.060779,1.343511,3.946701,2.551088,10.032721,3.721257,1.662897,0.140988
2485,0.215781,1.521224,2.002919,3.153008,12.482049,3.341472,1.884157,0.131156
2509,0.037607,1.864893,1.246262,3.233648,8.445632,3.994541,0.874824,0.174028
2529,0.1553,1.079029,0.129719,3.18476,3.822129,3.281773,0.399306,0.120547
2587,0.15717,1.060256,2.962076,1.684947,8.948993,2.475049,1.497865,0.181687
2661,0.391902,1.195148,2.3669,3.165352,4.75793,1.277374,1.376512,0.078504
2776,0.369502,1.829121,3.79653,3.67697,4.647694,2.853961,1.184767,0.029183
2798,0.395526,0.522822,1.571916,1.259564,5.736531,2.936151,0.990526,0.074944
2842,0.279344,1.632872,2.392129,3.479481,10.864451,1.765555,1.294374,0.180852
2900,0.333389,1.356388,2.418452,3.917672,17.815356,0.951655,1.835246,0.186414
2918,0.003623,1.556345,1.959848,3.961938,3.076323,0.023664,0.617454,0.051498
3092,0.149508,1.468427,1.0371,3.636733,1.138408,0.846214,0.755642,0.02541
3150,0.001798,0.663328,2.262991,0.80026,1.038488,3.50354,1.797414,0.139334
3302,0.064489,1.189376,1.015536,2.229896,9.064437,2.257052,1.446965,0.175508
3327,0.288136,1.385557,2.490073,3.882817,1.815963,0.040549,0.394579,0.155365
3328,0.354881,1.527419,3.012272,3.286183,9.310001,2.679966,1.091068,0.028161
3337,0.062433,0.601611,2.562029,0.956667,5.908772,1.766574,0.948482,0.040598
3342,0.000293,1.420168,2.754133,2.58509,14.407858,3.129653,1.792305,0.066136
3393,0.249188,1.527782,1.694386,3.27527,2.109244,0.816657,0.502291,0.147657
3396,0.320669,1.142481,1.579473,2.836806,13.993449,3.671834,1.527541,0.060223
3412,0.24628,1.562252,2.601841,3.78315,1.277533,3.219569,0.580703,0.044254
3467,0.304682,1.194642,0.0754,3.363102,1.103885,3.181588,0.727639,0.138705
3634,0.324239,1.449605,2.33753,3.658558,3.092791,3.576393,1.726867,0.153315
3643,0.101054,1.788318,1.359775,3.637213,6.981161,3.469774,0.740916,0.136845
3708,0.190571,0.800829,2.62452,1.805727,6.277947,2.297711,1.786148,0.01939
3820,0.096506,1.347716,3.236634,3.778083,4.143903,2.328977,0.325327,0.006987
3832,0.148371,1.617789,0.550203,3.379585,4.234422,2.461669,1.411213,0.134143
3927,0.032529,1.351887,1.175849,3.266988,0.143368,2.998001,0.288008,0.003548
3962,0.365482,1.256769,2.89125,3.600339,2.799923,0.47961,0.892039,0.09538
3973,0.046519,1.435013,3.429556,2.324142,13.60781,3.953182,1.568453,0.191622
4108,0.365709,1.789385,0.272479,3.061137,10.842615,3.417889,1.668107,0.127867
4129,0.071988,1.510869,3.948923,3.80177,9.303773,2.801847,1.735859,0.125463
4236,0.112966,0.813833,0.566001,1.781266,6.149387,1.774887,1.38073,0.044191
4273,0.305955,0.66692,1.377958,1.801562,4.33275,1.871675,0.931265,0.105819
4276,0.297806,1.688545,1.073051,3.963571,0.617945,2.72632,0.660153,0.003444
4362,0.100694,1.260355,2.782373,3.030467,1.106559,2.246042,0.580245,0.142704
4388,0.11665,1.750309,2.773021,3.840935,2.935094,2.413912,0.664635,0.076944
4446,0.3216,1.881229,0.320601,3.91948,4.354137,2.786181,1.293678,0.075543
4533,0.391574,0.780098,3.585329,1.721983,7.431623,1.811916,1.402202,0.154382
4537,0.281675,1.413239,1.754496,3.818431,16.982431,1.681147,1.578913,0.177841
4553,0.192052,1.247469,2.217902,2.778056,9.866869,2.209324,1.912296,0.09495
4567,0.38022,1.621847,2.052131,3.293277,9.908189,3.879796,1.976832,0.16317
4623,0.374147,1.02144,1.406424,2.347511,4.841576,2.637997,1.824849,0.033178
4666,0.170145,1.666158,2.670225,3.927449,5.801931,2.201736,0.504594,0.154272
4733,0.26911,0.926662,2.327953,2.212582,4.717495,2.375731,1.911182,0.042476
4773,0.176022,1.365937,2.554342,2.634076,14.338694,3.515591,1.822694,0.174102
4824,0.379053,0.905911,3.112222,2.207728,16.613471,3.842163,1.949688,0.14139
4850,0.106291,1.149265,3.977536,2.513842,6.409394,2.470319,1.952117,0.13371
4925,0.309919,1.11019,3.201471,2.705239,6.691417,0.650473,1.642618,0.174338
4939,0.330491,1.136527,1.167863,1.77892,3.201104,3.976024,1.217205,0.137733
5100,0.251221,0.961237,2.658455,1.428261,1.053311,3.403958,0.489037,0.038207
5147,0.312444,1.050706,2.012772,3.316425,5.13327,3.941472,1.08042,0.180777
5199,0.215032,1.232536,1.156948,1.871449,4.768035,3.063709,0.945711,0.181154
5231,0.235863,1.555478,1.092499,2.816172,6.131998,3.507323,1.234844,0.058772
5291,0.135935,1.765271,3.735223,3.90293,16.35075,1.852421,1.098196,0.010291
5324,0.199433,1.52213,0.55509,2.505834,5.245954,3.873685,1.180014,0.174478
5410,0.134832,1.282073,2.557702,2.715035,2.263176,3.233055,0.849493,0.069277
5486,0.162996,1.209681,2.669727,2.811937,5.231519,3.995622,1.322894,0.166477
5527,0.147381,0.662086,0.642989,1.379227,6.789788,2.411207,1.180915,0.071804
5542,0.151881,0.982721,2.763606,1.72735,8.56823,2.972647,1.535763,0.095234
5613,0.217572,0.479472,2.398438,0.832929,5.496646,2.43492,0.963572,0.132808
5626,0.080063,0.981695,3.396473,2.422616,0.436484,3.745621,1.064594,0.15825
5705,0.038916,1.164502,0.048119,2.873667,6.109307,0.963003,1.037703,0.09345
5719,0.323538,1.42989,1.583945,3.129297,0.689742,3.736844,1.404813,0.136498
5750,0.152085,0.875854,3.758886,1.952025,2.13008,3.015435,1.032552,0.189205
5765,0.048823,0.298092,0.398066,0.158717,2.678937,2.268733,1.109227,0.024363
5823,0.034427,1.537213,2.954022,3.140608,1.71221,3.961761,1.507344,0.15144
5851,0.046373,1.392347,3.692932,3.415791,5.480117,1.8878,1.45335,0.03461
5941,0.268854,1.590712,0.19176,3.407979,4.681939,2.974688,0.93817,0.154956
6163,0.058966,1.080763,3.011872,2.326911,2.426249,1.474534,0.65696,0.101263
6289,0.056546,1.649864,2.703374,3.799834,4.066301,0.570607,1.764509,0.152795
6327,0.324345,1.368498,2.122542,3.422175,3.681081,2.820287,0.933216,0.100779
6365,0.054802,1.344276,0.373292,2.409954,7.948396,2.245899,1.682841,0.157646
6472,9.3e-05,1.663889,1.392209,3.873307,16.291703,1.187413,1.845879,0.087006
6512,0.382641,0.900318,0.391176,1.945577,0.601181,2.410535,1.521558,0.036213
6584,0.026567,1.626703,3.14292,3.09317,11.580832,3.798677,1.353933,0.138334
6591,0.230457,1.390687,3.778819,3.777911,5.074829,1.113894,1.97598,0.151394
6600,0.239467,1.480919,1.374035,3.566066,3.815966,0.522315,1.01781,0.045165
6687,0.1229,0.863154,2.876299,2.241895,0.559919,0.467712,0.673384,0.093061
6708,0.1111,1.185103,3.164773,2.632469,19.278808,3.712497,1.664974,0.071603
6863,0.057855,0.980495,2.276833,2.154848,12.833286,1.959499,0.652996,0.012019
6878,0.24964,1.729015,2.619384,3.777385,8.69111,3.689132,1.14616,0.032394
6952,0.160888,1.225854,0.601072,3.542628,6.127349,0.419726,1.859959,0.180961
6965,0.21949,0.914428,2.321243,2.144813,2.846424,2.489033,0.435962,0.109362
6974,0.315501,1.097256,0.514117,2.300318,7.797107,3.983328,1.948365,0.078811
6981,0.053675,1.166525,3.704616,2.343071,8.720874,3.792623,1.550455,0.046539
7089,0.170989,1.320231,2.950188,2.858466,5.474055,3.176768,1.976214,0.022004
7099,0.285352,1.253255,3.466795,3.208697,2.01917,0.243257,0.780339,0.026098
7126,0.22318,1.099139,0.8181,2.757783,15.600569,1.711861,1.709073,0.092763
7148,0.263258,1.054927,0.681142,3.216574,6.030968,1.140212,1.223667,0.079796
7160,0.11717,0.613918,2.232803,1.134799,0.794724,2.332848,0.263778,0.081512
7174,0.301496,1.193468,2.302648,3.596718,15.966106,2.03036,1.194843,0.061165
7189,0.115872,1.55792,0.843041,3.03685,6.681678,2.769686,1.472398,0.075659
7210,0.341187,1.682904,1.447547,3.600725,6.716728,2.355883,1.848031,0.020738
7304,0.150785,1.634371,1.692707,3.813081,2.255957,0.238806,0.319484,0.129208
7357,0.161025,1.270413,2.8182,3.958331,3.591364,1.812305,0.938974,0.180046
7431,0.335497,0.314413,1.551641,0.244951,0.968803,2.790568,1.773342,0.146323
7496,0.000528,1.412067,2.862855,3.333997,23.398704,1.034787,1.782076,0.154988
7580,0.246134,0.868659,3.244305,2.121799,1.076006,3.174015,0.970193,0.176054
7619,0.055483,1.386263,2.271352,3.964998,7.396834,0.355528,1.34134,0.168363
7633,0.108008,1.089008,3.659609,2.810043,7.885422,1.348146,0.439286,0.101325
7667,0.287777,1.171691,3.411444,2.005101,2.312478,1.511592,0.437318,0.134478
7682,0.2019,0.329328,2.82669,0.103431,1.317993,2.68687,1.427114,0.093625
7784,0.019304,2.045156,2.584068,3.692275,17.05318,3.781818,1.968277,0.150087
7909,0.150284,1.178939,2.039694,3.746045,1.768817,1.061492,0.498707,0.158222
7977,0.035992,1.871241,1.500057,3.900575,5.942831,3.163963,1.368089,0.077519
8220,0.024979,1.735195,0.003122,3.632818,6.903967,3.575003,1.077185,0.132742
8257,0.382712,1.567985,2.050973,3.965263,7.071861,2.510026,1.212489,0.091218
8288,0.351287,1.096359,3.000678,3.525282,8.288935,0.730836,0.832392,0.095261
8332,0.210541,1.004218,2.000103,2.22477,11.052075,0.044756,1.616954,0.070896
8385,0.046241,1.436256,1.674694,1.985467,9.515762,2.889942,1.692751,0.143864
8405,0.194711,1.036552,0.086356,3.027465,5.596276,3.009903,1.001665,0.089908
8421,0.367562,1.078051,2.251907,2.469564,3.80156,2.64469,1.405056,0.027584
8489,0.223758,0.881269,2.334846,1.424784,5.714885,3.722241,1.131384,0.012956
8512,0.224613,0.847235,3.876348,2.024459,9.08688,2.80307,1.600303,0.145053
8538,0.044973,1.086636,1.14115,1.742693,2.944029,3.562092,1.623813,0.095804
8715,0.279919,1.155838,2.246041,3.184341,0.082409,3.639396,0.329935,0.022866
8786,0.118309,1.06738,0.490202,2.097729,2.654065,3.507602,0.651684,0.019482
8844,0.029014,1.164361,2.963969,1.719178,7.57236,3.351106,0.926825,0.055047
8886,0.310945,1.626887,2.507836,2.912551,11.256823,2.782356,1.824471,0.102352
8901,0.279882,1.307641,2.833913,3.350334,8.009301,3.31719,1.320087,0.114899
8957,0.346776,1.422781,3.783287,3.214097,9.862147,1.576687,1.714314,0.166648
9004,0.229642,1.315329,2.39039,2.666755,5.380589,2.262096,0.397188,0.019183
9092,0.339015,0.957378,3.607941,2.163395,3.220289,1.642574,1.842339,0.03629
9167,0.022801,1.203921,3.012607,1.816464,8.126049,2.776738,1.747399,0.091127
9204,0.38267,0.646618,2.373058,1.351392,6.21761,3.800805,1.9947,0.055281
9282,0.111135,1.162946,2.743794,1.503744,2.070099,3.332314,0.499196,0.147662
9319,0.237045,0.692456,2.371003,1.523313,5.117677,1.750637,1.034148,0.064847
9349,0.208923,1.085219,3.945801,2.811431,0.54388,3.057937,0.594296,0.055544
9487,0.177009,1.526687,0.305675,3.783386,11.370906,2.40504,1.807459,0.111869
9495,0.397198,0.650471,1.977193,1.306333,8.103171,2.089452,1.882654,0.125411
9676,0.188994,1.086505,1.259816,1.308103,2.658142,3.741546,0.766294,0.108498
9719,0.322522,1.12334,0.836265,2.509584,3.848043,0.438359,0.823252,0.118826
9743,0.29154,1.290288,2.716544,3.04749,20.970236,1.636482,1.906165,0.044461
9766,0.37464,0.720293,1.142727,1.347804,6.154744,2.96309,1.55522,0.032621
9797,0.142143,0.682519,3.630882,0.899013,5.595668,3.82652,1.490805,0.0142
9849,0.240335,1.251611,2.734437,3.74502,16.808555,1.277691,1.148393,0.09971
9910,0.209008,1.318129,3.656615,3.945511,14.173423,2.281632,0.737354,0.041312
9917,0.144904,0.572274,1.455794,0.805865,3.80623,3.514539,1.06223,0.155328
9930,0.021202,1.473072,2.806577,3.249608,3.476902,3.325074,0.585157,0.147534
9934,0.363493,0.921664,0.365753,3.098806,4.335793,2.585978,0.777837,0.041624
9958,0.259397,0.720175,2.097245,1.599524,2.966569,0.664158,0.977651,0.142664
10022,0.383792,1.136334,1.948228,2.974976,5.136866,2.850735,1.538209,0.140415
10189,0.395729,0.759832,0.975733,1.766626,11.693656,2.387006,1.730139,0.024392
10193,0.101062,0.801805,2.17063,1.084547,2.771238,3.438977,1.44158,0.128594
10257,0.287961,1.160498,3.262594,3.159912,2.748706,3.156361,1.726656,0.120016
10281,0.300861,0.963148,2.736276,1.759495,4.456214,2.414934,1.864737,0.148958
10323,0.168779,1.764881,2.655072,3.871025,5.295463,3.169029,1.241556,0.024471
10360,0.293021,1.375591,0.224812,3.569877,2.384463,2.463962,0.977241,0.17913
10451,0.219432,1.609294,1.4989,2.68337,4.780729,2.520877,1.602159,0.189076
10574,0.04317,1.690815,0.829186,3.486774,14.982798,1.806218,1.544425,0.094233
10710,0.05944,1.15759,1.048474,2.436009,8.903341,3.246809,1.24186,0.016958
10737,0.005106,1.364198,2.04097,3.887833,5.639211,1.535954,0.210436,0.160767
10742,0.016033,1.651126,0.284846,3.779814,1.333413,3.153457,1.521642,0.170808
10772,0.231785,1.4865,1.68345,3.748591,17.383759,2.223464,1.619543,0.17797
10862,0.349262,1.361528,2.095328,2.910655,6.38402,2.510774,1.349596,0.161594
10942,0.34173,1.012124,1.741004,3.198739,10.365057,1.259805,0.80105,0.076899
10951,0.181695,1.032703,2.277213,3.288183,6.660629,3.911026,0.610547,0.078849
11011,0.109726,0.784586,0.770853,1.668121,5.210388,3.598411,0.895989,0.151291
11040,0.340552,1.200661,0.441454,2.74481,0.035023,2.404502,1.142696,0.082147
11064,0.229791,1.202902,0.570391,3.604029,7.54354,0.050063,1.137052,0.165073
11070,0.331051,0.752185,0.588218,1.679256,2.903859,2.722801,1.793997,0.087676
11076,0.379631,0.635583,2.496203,0.934832,5.659604,3.51281,1.960139,0.022123
11135,0.247946,1.235644,2.165252,3.236823,6.949398,2.583663,1.772317,0.1398
11173,0.239928,1.482421,0.257562,3.941938,17.52794,1.703259,1.457641,0.069633
11262,0.363632,0.694076,1.117226,2.24391,4.113118,1.526753,0.608262,0.163236
11319,0.314819,0.802984,0.595737,1.391732,8.54296,1.818765,1.783195,0.182968
11447,0.135189,1.201507,3.441033,2.779466,3.983447,3.722592,0.941591,0.063469
11462,0.1146,0.471907,0.015595,0.768564,3.616738,1.606515,0.995121,0.053065
11477,0.187184,1.227065,3.449352,2.674068,9.074168,2.831123,0.960035,0.142608
11577,0.266046,0.86149,3.069671,1.80096,6.407306,2.003956,0.734342,0.054152
11643,0.140084,1.14057,2.695306,1.922383,5.729976,3.834995,1.686872,0.076178
11691,0.180687,1.31189,3.347535,3.576388,6.494409,1.91475,1.01032,0.179607
11704,0.31841,1.299045,3.473853,3.320452,17.736619,0.639696,1.787034,0.119211
11750,0.017964,1.081642,3.506888,1.886205,5.954275,1.746397,1.675658,0.107397
11754,0.338921,0.850756,1.656324,1.60235,5.374698,1.29778,1.488636,0.152247
11766,0.23321,1.253151,0.729699,2.640163,9.049429,3.140462,1.659151,0.023812
11876,0.005707,1.742606,3.275557,3.54454,11.452911,1.72532,1.547479,0.174004
11885,0.24779,1.289659,2.707442,2.524778,3.842259,2.616154,0.599808,0.178878
11923,0.395714,0.74337,1.868565,0.925601,2.210922,2.906911,1.102077,0.139671
12053,0.379344,0.909832,1.386048,3.313152,2.008379,1.499587,0.864954,0.153735
12292,0.297162,1.640704,1.786272,3.391812,1.321814,3.250789,1.466836,0.049746
12368,0.244202,0.882773,3.622517,2.931947,3.602184,2.800279,0.835171,0.151523
12490,0.271409,1.001035,1.010873,2.681377,2.165096,2.500002,0.66889,0.152639
12497,0.012078,1.38975,3.701169,3.592259,5.037521,0.501197,1.957089,0.111612
12553,0.166276,0.798005,2.776144,1.454193,7.091662,0.369829,1.855292,0.177726
12557,0.021128,1.358381,1.070639,3.287951,9.416364,1.457349,1.046309,0.070747
12578,0.307058,1.366428,0.089249,3.125728,7.81529,1.244296,0.888261,0.114224
12697,0.181032,1.534487,1.470479,3.810162,14.867118,1.686545,1.653282,0.194098
12827,0.160969,1.621677,1.780406,3.119279,8.790111,3.220185,1.614719,0.025098
12829,0.250369,1.896819,0.003769,3.608514,2.098501,3.584693,1.759488,0.14001
12848,0.114641,0.748404,1.959164,1.786558,0.994877,2.695098,0.19248,0.034397
12864,0.290936,1.130611,3.178151,2.221379,8.313373,1.236814,1.546517,0.057798
12975,0.161688,1.195492,3.46242,1.367232,4.349695,3.519058,1.371,0.191273
13019,0.051683,1.775746,2.989195,2.807167,10.513262,3.730675,1.215127,0.011853
13086,0.34551,1.903671,2.137155,2.942826,3.860123,3.886683,1.012248,0.181309
13213,0.274572,1.199574,1.820872,3.582281,10.174509,0.12327,0.784575,0.111946
13241,0.320132,1.521189,0.003317,3.639777,7.454549,2.068294,1.167748,0.104357
13281,0.297558,1.146352,0.062156,2.223962,4.269337,2.931198,0.994226,0.171446
13500,0.338957,1.133384,1.442145,3.980772,16.398462,3.362791,0.832669,0.102988
13501,0.058386,1.310674,2.844564,3.901652,5.034408,1.738998,0.453977,0.112515
13625,0.005649,0.583497,2.998188,1.076663,1.021528,2.700069,0.287358,0.143737
13682,0.097702,0.636801,2.706261,1.171394,5.265537,1.486695,1.089078,0.133907
13688,0.343542,1.376433,1.490204,3.586652,7.259494,1.081229,0.965687,0.161685
13695,0.238254,1.442429,2.808482,3.500157,2.510815,3.048391,0.936935,0.105693
13764,0.303102,1.525233,1.433356,3.765479,15.100181,1.597478,1.995748,0.163764
13830,0.272942,0.79987,3.955429,2.257558,6.66954,2.18198,0.564144,0.046089
14056,0.290222,0.988556,2.918243,2.977507,10.258323,1.431239,1.343094,0.069958
14085,0.310499,0.378629,0.840063,0.397444,4.947725,2.273676,1.239979,0.176071
14117,0.047895,2.019873,1.818297,3.694839,1.196837,3.506303,0.344211,0.157237
14151,0.188414,0.559592,2.422386,1.271396,3.22301,2.012267,0.971167,0.161489
14186,0.132126,1.526193,2.892468,3.626641,10.079569,0.371139,1.696095,0.08582
14416,0.078668,1.57971,2.504354,2.885109,2.643873,3.231258,1.124975,0.155186
14431,0.340231,1.031289,1.977214,2.2371,0.604744,2.754121,1.644692,0.073713
14536,0.10758,1.40691,1.232226,2.083528,10.774758,3.140999,1.762986,0.191297
14578,0.222814,1.627949,1.620157,3.195214,5.228486,2.454484,1.803778,0.142957
14591,0.129145,0.82972,3.573027,2.391607,0.153187,0.719765,0.254471,0.14431
14596,0.150088,1.115962,2.796057,3.087542,4.414226,1.352901,0.754918,0.017611
14618,0.111684,1.162295,2.284232,2.818261,24.327897,2.468776,1.697032,0.054999
14666,0.30921,1.190734,2.78395,2.50165,13.407871,2.810299,1.73951,0.143527
14735,0.395813,1.633042,2.376612,3.870268,9.676486,2.484283,1.210793,0.180245
14737,0.398811,1.35032,3.385655,2.675557,5.806226,3.23053,1.990243,0.037612
14738,0.388154,1.418752,3.222821,3.981559,7.335613,1.528809,1.625011,0.055597
14798,0.351711,0.772782,0.837988,1.912332,7.28794,0.792244,0.809103,0.023617
14909,0.344687,0.994712,3.914712,2.739944,0.333845,3.921863,1.623581,0.03057
14972,0.303835,0.554153,2.514395,1.205125,3.000412,0.698992,1.594504,0.159068
15003,0.014609,1.439021,0.627661,3.280698,11.636608,2.732192,1.565413,0.118989
15191,0.296924,1.479952,0.261874,3.758983,0.187715,1.409051,0.238183,0.085966
15226,0.389192,0.98701,1.419658,3.008828,4.617625,3.24386,0.755073,0.128253
15235,0.37854,1.254223,3.200915,3.853685,3.770251,0.78445,1.504201,0.107939
15292,0.081637,1.270669,2.597111,2.453509,14.635438,2.584802,1.559076,0.069934
15345,0.02686,1.068461,2.268077,2.181781,6.956812,1.103784,0.697414,0.12224
15352,0.304522,1.472708,1.509589,3.719367,5.852161,1.315038,0.756542,0.137726
15397,0.055287,2.002082,2.64659,3.910003,8.877362,3.061098,1.841521,0.03421
15489,0.078369,0.609941,0.538241,1.355452,2.630453,0.920178,0.263164,0.178444
15542,0.160018,1.402831,2.171239,2.724218,4.161782,2.607601,1.782794,0.186698
15702,0.37192,1.826403,2.04811,3.825484,6.615568,3.658473,1.801894,0.040603
15706,0.201813,1.624422,0.200976,3.388692,3.511244,2.752,0.835249,0.098438
15790,0.050662,1.218224,0.921096,2.662258,1.9485,2.064354,1.763987,0.031641
15836,0.103429,1.440253,2.547252,2.624962,10.725005,2.215396,1.643682,0.160613
15843,0.145877,1.513674,1.667374,2.671059,3.76066,2.997053,1.10834,0.164084
15973,0.367583,0.773963,2.136295,1.845409,3.249213,3.621029,1.077584,0.148022
15988,0.273178,1.152428,0.166218,2.786416,8.452955,2.556368,1.78677,0.090294
16032,0.118652,0.424684,1.635886,1.211054,3.706724,0.688724,0.330913,0.178396
16051,0.307704,0.877645,1.382395,2.401103,0.299404,0.976982,0.328196,0.09723
16193,0.039584,1.681594,0.246542,3.381448,17.073567,2.565512,1.678489,0.155709
16277,0.393687,1.536606,2.907117,3.755657,8.421164,0.89644,0.99459,0.137934
16306,0.161345,1.525471,1.02378,3.108485,16.69701,1.822442,1.753977,0.021837
16317,0.046566,1.125431,3.117214,1.950428,5.938729,3.529169,0.908978,0.064835
16320,0.067273,1.120164,1.337517,2.179911,7.754729,3.599053,1.751085,0.158479
16364,0.257354,1.471326,3.546581,3.290538,10.189589,3.028962,1.735598,0.032094
16795,0.080853,1.045782,2.430886,1.945896,10.266297,1.529674,0.986176,0.025204
16821,0.022934,0.789697,0.32456,1.902753,4.751818,3.407187,0.122891,0.029277
16936,0.205116,0.94743,3.480747,3.373704,6.488614,0.798165,0.303368,0.188584
17253,0.080877,1.599414,0.457169,3.569766,5.43652,2.046929,0.742056,0.101613
17264,0.088164,1.059135,3.837741,1.838004,3.534374,3.202613,0.739903,0.160083
17385,0.112652,1.334504,0.882582,3.269619,7.943174,1.870473,0.604185,0.087299
17396,0.398554,1.026313,1.423225,2.125639,8.077295,1.835055,1.584405,0.069089
17424,0.117289,0.698875,1.404004,1.259332,2.68992,2.869657,1.255342,0.11524
17436,0.072042,1.480497,2.925636,3.361394,13.651426,2.447069,1.344262,0.198288
17638,0.113047,0.789301,0.098942,1.413284,1.663868,2.98233,1.212033,0.011705
17816,0.032414,1.16183,3.835097,2.087928,10.202554,3.03798,1.912823,0.058075
17897,0.314829,1.157852,2.394037,3.399052,17.404967,3.733865,1.971982,0.181674
17960,0.323149,1.414159,2.302226,2.7799,6.62798,3.178084,1.27071,0.127247
18164,0.102226,0.637334,3.39087,0.961887,4.40438,3.415322,1.780683,0.104651
18173,0.379549,0.950551,0.971793,2.282656,5.171952,2.533997,1.306292,0.170867
18181,0.215323,1.244698,2.38099,2.51318,1.326706,1.736787,1.610504,0.181224
18418,0.051554,0.809371,3.753325,1.486205,2.115562,3.425917,0.040917,0.008612
18567,0.180678,0.715858,1.720663,2.055852,5.889091,2.28655,0.764856,0.176384
18614,0.215515,1.248739,2.757308,3.463858,5.479562,2.236704,0.400165,0.08456
18812,0.195638,1.512479,1.442331,3.350014,13.374258,3.216215,1.930726,0.070766
18845,0.215546,1.800985,0.817188,3.682992,2.299256,3.11713,1.274026,0.159351
18931,0.179648,1.134125,3.871705,2.5807,13.169494,1.903743,1.628122,0.119023
18967,0.288321,1.406706,1.959534,3.426487,15.347682,3.021077,1.967084,0.128734
18976,0.116624,1.064176,1.268688,2.159661,5.544597,3.445674,0.971267,0.188596
19060,0.394719,1.232698,2.401371,2.730578,1.041767,2.648932,0.483781,0.113715
19091,0.116358,2.034779,2.609483,3.645161,12.454747,3.730028,1.340415,0.070203
19175,0.293552,1.293416,2.878121,2.379517,12.293298,3.39803,1.913387,0.157261
19221,0.225151,1.903119,0.602901,3.721906,7.648639,3.887363,1.118176,0.007791
19563,0.123712,1.759346,3.605935,3.864295,1.65377,2.794758,1.48753,0.060677
19617,0.062908,1.210011,0.291636,2.129158,6.81519,3.083375,0.842071,0.081748
19764,0.127462,0.967743,1.609984,2.331717,2.61949,0.055786,0.185079,0.155761
19926,0.131944,1.504748,0.732823,2.720924,13.000675,3.995942,1.918738,0.020035
19956,0.251622,1.424808,0.496136,3.084588,0.476376,3.567945,1.020359,0.164477
